character_id,primary_recovered,hash_verified,persisted,competing_art_audited,runtime_sanitized,negative_locks,mount_test,visual_qa,umpire
CHAR-JAKE-KALOPER,BLOCKED,BLOCKED,BLOCKED,IN_PROGRESS,IN_PROGRESS,RECORDED,BLOCKED,BLOCKED,BLOCKED
CHAR-KEVIN-ZEEK,BLOCKED,BLOCKED,BLOCKED,IN_PROGRESS,IN_PROGRESS,RECORDED,BLOCKED,BLOCKED,BLOCKED
CHAR-JORDAN-HOLLINGSHEAD,BLOCKED,BLOCKED,BLOCKED,IN_PROGRESS,IN_PROGRESS,RECORDED,BLOCKED,BLOCKED,BLOCKED
CHAR-DAVID-BABB,BLOCKED,BLOCKED,BLOCKED,IN_PROGRESS,IN_PROGRESS,RECORDED,BLOCKED,BLOCKED,BLOCKED
CHAR-WILSON-LOOK,BLOCKED,BLOCKED,BLOCKED,IN_PROGRESS,IN_PROGRESS,RECORDED,BLOCKED,BLOCKED,BLOCKED
CHAR-PHILLIP-PITTS,BLOCKED,BLOCKED,BLOCKED,IN_PROGRESS,IN_PROGRESS,RECORDED,BLOCKED,BLOCKED,BLOCKED
CHAR-BRANDON-PRYOR,BLOCKED,BLOCKED,BLOCKED,IN_PROGRESS,IN_PROGRESS,RECORDED,BLOCKED,BLOCKED,BLOCKED
CHAR-MANNING-WELTY,BLOCKED,BLOCKED,BLOCKED,IN_PROGRESS,IN_PROGRESS,RECORDED,BLOCKED,BLOCKED,BLOCKED
CHAR-AUSTIN-BYARS,BLOCKED,BLOCKED,BLOCKED,IN_PROGRESS,IN_PROGRESS,RECORDED,BLOCKED,BLOCKED,BLOCKED
CHAR-BOBBY-MITCHELL,BLOCKED,BLOCKED,BLOCKED,IN_PROGRESS,IN_PROGRESS,RECORDED,BLOCKED,BLOCKED,BLOCKED
CHAR-ZACH-WILSON,BLOCKED,BLOCKED,BLOCKED,IN_PROGRESS,IN_PROGRESS,RECORDED,BLOCKED,BLOCKED,BLOCKED
CHAR-BEN-WHIPPLE,BLOCKED,BLOCKED,BLOCKED,IN_PROGRESS,IN_PROGRESS,RECORDED,BLOCKED,BLOCKED,BLOCKED
